Food                               , Amt,Unit,Cals,Carbs(g),Fat,Prot,Choles(mg),SatFat(g),Wt(g),Choline(mg),vA(dv),vC,vB1Th,vB2Rb,vB3Ni,vB5Pa,vB6,vB9Fo,B12,vE,vK,Ca,Fe,Na,K,Zn,
# BEERS
LIGHT                        <BEER>, 12,FLOZ,95,5,0,1,0,0 ,355,0,0,0,0,0,0,0,0,0,0,0,
REGULAR                    <BEER>,12,FLOZ,150,13,0,1,0,0 ,360,,,,,,,,,,,,
# BREADS
CRACKED-WHEAT        <BREAD>,1,SLICE,65,12,1,2,0,0.2 ,25,,,,,,,,,,,,
FRENCH                      <BREAD>,1,SLICE,100,18,1,3,0,0.3 ,35,,,,,,,,,,,,
ITALIAN                     <BREAD>,1,SLICE,85,17,0,3,0,0 ,30,,,,,,,,,,,,
LEMON POPPYSEED             <BREAD>,1,SLICE,160,23,2.3,3.6,61,2.3,25,,,,,,,,,,,,
PITA                        <BREAD>,1,PITA,165,33,1,6,0,0.1 ,60,,,,,,,,,,,,
RAISIN                      <BREAD>,1,SLICE,65,13,1,2,0,0.2 ,25,,,,,,,,,,,,
STUFFING                    <BREAD>,1,CUP,500,50,31,9,0,6.1 ,140,,,,,,,,,,,,
WHEAT                       <BREAD>,1,SLICE,65,12,1,2,0,0.2 ,25,,,,,,,,,,,,
WHITE BREAD                       <BREAD>,1,SLICE,65,12,1,2,0,0.3 ,25,,,,,,,,,,,,
WHOLE-WHEAT                 <BREAD>,1,SLICE,70,13,1,3,0,0.4 ,28,,,,,,,,,,,,
CRUMBS DRY GRATED           <BREAD>,1,CUP,390,73,5,13,5,1.5 ,100,,,,,,,,,,,,
OATMEAL                     <BREAD>,1,SLICE,65,12,1,2,0,0.2 ,25,,,,,,,,,,,,
# CAKES
ANGELFOOD                    <CAKE>,1,PIECE,125,29,0,3,0,0 ,53,,,,,,,,,,,,
CARROT CREAMCHEESE           <CAKE>,1,PIECE,385,48,21,4,74,4.1 ,96,,,,,,,,,,,,
COFFEE                       <CAKE>,1,PIECE,230,38,7,5,47,2 ,72,,,,,,,,,,,,
DEVILS FOOD                  <CAKE>,1,PIECE,235,40,8,3,37,3.5 ,69,,,,,,,,,,,,
FRUIT DARK                   <CAKE>,1,PIECE,165,25,7,2,20,1.5 ,43,,,,,,,,,,,,
GINGERBREAD                  <CAKE>,1,PIECE,175,32,4,2,1,1.1 ,63,,,,,,,,,,,,
POUND                        <CAKE>,1,SLICE,120,15,5,2,32,1.2 ,30,,,,,,,,,,,,
WHITE  CAKE                      <CAKE>,1,PIECE,260,42,9,3,3,2.1 ,71,,,,,,,,,,,,
YELLOW                       <CAKE>,1,PIECE,245,39,11,2,38,5.7 ,69,,,,,,,,,,,,
# CEREALS
ALL-BRAN                   <CEREAL>,1,OZ,70,21,1,4,0,0.1 ,28.35,,,,,,,,,,,,
BRAN FLAKES                <CEREAL>,1,OZ,90,22,1,4,0,0.1 ,28.35,,,,,,,,,,,,
CAPN CRUNCH                <CEREAL>,1,OZ,120,23,3,1,0,1.7 ,28.35,,,,,,,,,,,,
CHEERIOS                   <CEREAL>,1,OZ,110,20,2,4,0,0.3 ,28.35,,,,,,,,,,,,
FROOT LOOPS                <CEREAL>,1,OZ,110,25,1,2,0,0.2 ,28.35,,,,,,,,,,,,
GOLDEN GRAHAMS             <CEREAL>,1,OZ,110,24,1,2,0,0.7 ,28.35,,,,,,,,,,,,
GRAPE-NUTS                 <CEREAL>,1,OZ,100,23,0,3,0,0 ,28.35,,,,,,,,,,,,
HONEY NUT CHEERIOS         <CEREAL>,1,OZ,105,23,1,3,0,0.1 ,28.35,,,,,,,,,,,,
LUCKY CHARMS               <CEREAL>,1,OZ,110,23,1,3,0,0.2 ,28.35,,,,,,,,,,,,
NATURE VALLEY GRANOLA      <CEREAL>,1,OZ,125,19,5,3,0,3.3 ,28.35,,,,,,,,,,,,
OATS                       <CEREAL>,1,packet,105,19.1,1.7,3.6,0.0,0.4,28,11.4,20,0,38,20,23,3,22,20,0,1,1,10,46,3,3,7,
RICE KRISPIES              <CEREAL>,1,OZ,110,25,0,2,0,0 ,28.35,,,,,,,,,,,,
SHREDDED WHEAT             <CEREAL>,1,OZ,100,23,1,3,0,0.1 ,28.35,,,,,,,,,,,,
SPECIAL K                  <CEREAL>,1,OZ,110,21,0,6,0,0 ,28.35,,,,,,,,,,,,
SUGAR SMACKS               <CEREAL>,1,OZ,105,25,1,2,0,0.1 ,28.35,,,,,,,,,,,,
SUPER SUGAR CRISP          <CEREAL>,1,OZ,105,26,0,2,0,0 ,28.35,,,,,,,,,,,,
TOTAL                      <CEREAL>,1,OZ,100,22,1,3,0,0.1 ,28.35,,,,,,,,,,,,
TRIX                       <CEREAL>,1,OZ,110,25,0,2,0,0.2 ,28.35,,,,,,,,,,,,
WHEATIES                   <CEREAL>,1,OZ,100,23,0,3,0,0.1 ,28.35,,,,,,,,,,,,
# CHEESES
SWISS                      <CHEESE>,1,OZ,95,1,7,7,24,4.5 ,28.35,,,,,,,,,,,,
AMERICAN                   <CHEESE>,1,OZ,105,0,9,6,27,5.6 ,28.35,,,,,,,,,,,,
BLUE                       <CHEESE>,1,OZ,100,1,8,6,21,5.3 ,28.35,,,,,,,,,,,,
CAMEMBERT                  <CHEESE>,1,PIECE,115,0,9,8,27,5.8 ,38,,,,,,,,,,,,
CHEDDAR  CHEESE                 <CHEESE>,1,OZ,115,0,9,7,30,6 ,28.35,,,,,,,,,,,,
CHEDDAR SHREDDED           <CHEESE>,1,CUP,455,1,37,28,119,23.8 ,113,,,,,,,,,,,,
COTTAGE CREAM              <CHEESE>,1,CUP,235,6,10,28,34,6.4 ,225,,,,,,,,,,,,
CREAM                      <CHEESE>,1,OZ,100,1,10,2,31,6.2 ,28.35,,,,,,,,,,,,
FETA                       <CHEESE>,1,OZ,75,1,6,4,25,4.2 ,28.35,,,,,,,,,,,,
FOOD AMR                   <CHEESE>,1,OZ,95,2,7,6,18,4.4 ,28.35,,,,,,,,,,,,
MOZZARELLA                 <CHEESE>,1,OZ,80,1,6,6,22,3.7 ,28.35,,,,,,,,,,,,
MUENSTER                   <CHEESE>,1,OZ,105,0,9,7,27,5.4 ,28.35,,,,,,,,,,,,
PARMESAN GRATED            <CHEESE>,1,OZ,130,1,9,12,22,5.4 ,28.35,,,,,,,,,,,,
PROVOLONE                  <CHEESE>,1,OZ,100,1,8,7,20,4.8 ,28.35,,,,,,,,,,,,
CHEDDAR SAUCE W/ MILK      <CHEESE>,1,CUP,305,23,17,16,53,9.3 ,279,,,,,,,,,,,,
SPREAD AMERICAN            <CHEESE>,1,OZ,80,2,6,5,16,3.8 ,28.35,,,,,,,,,,,,
STRING MOZZARELLA          <CHEESE>,1,ITM,80,0,6,7,20,3.5 ,28.0,,,,,,,,,,,,
# EGGS
EGGS BOILED                        ,1,ITM,75,1,5,6,213,1.6 ,50,,,,,,,,,,,,
EGGS POACHED                       ,1,ITM,75,1,5,6,212,1.5 ,50,,,,,,,,,,,,
EGGS SCRAMBLED                     ,1,ITM,100,1,7,7,215,2.2 ,61,,,,,,,,,,,,
EGGS WHITE RAW                ,1,ITM,15.8,0.2,0.1,3.6,0.0,0.0,33,0.4,0,0,0,9,0,1,0,0,0,0,0,0,0,2,2,0
EGGS FRIED                         ,1,ITM,71.5,0.4,5.0,6.3,211,1.5,50,126,5,0,2,14,0,7,4,6,11,2,0,3,5,3,2,4 ,
EGGS RAW YOLK                      ,1,ITM,60,0,5,3,213,1.6 ,17,,,,,,,,,,,,
EGGS WHOLE                          ,1,ITM,71.5,0.4,5.0,6.3,211,1.5,50,126,5,0,2,14,0,7,4,6,11,2,0,3,5,3,2,4 ,
# FISH
MUSSELS MOLLUSKS    <FISH>,3,oz,146,6.3,3.8,20.2,47.6,0.7,85,,5,19,17,21,13,8,4,16,340,,,3,32,13,7,15
SQUID MOLLUSKS           <FISH>,1,oz,26.0,0.9,0.4,4.4,65.8,0.1,28,18.4,0,2,0,7,3,1,1,0,6,2,0,1,1,1,2,3
CRAB  KING                    <FISH>,1,leg,144,0.0,1.0,31.5,72.2,0.2,172,,1,20,5,4,9,6,13,19,258,,,8,6,60,10,68
SALMON                       <FISH>,0.5,fillet,184,0.0,5.5,31.7,82.7,0.9,159,150,4,0,18,6,56,12,16,2,80,5,1,2,7,4,15,6, ,
SANDWICH LGE W/O CHEESE      <FISH>,1,ITM,470,41,27,18,91,6.3 ,170,,,,,,,,,,,,
SANDWICH REG W/ CHEESE       <FISH>,1,ITM,420,39,23,16,56,6.3 ,140,,,,,,,,,,,,
FLOUNDER OR SOLE BAKED       <FISH>,3,OZ,120,0,6,16,68,3.2 ,85,,,,,,,,,,,,
HADDOCK BREADED FRIED        <FISH>,3,OZ,175,7,9,17,75,2.4 ,85,,,,,,,,,,,,
HALIBUT BROILED              <FISH>,3,OZ,140,0,6,20,62,3.3 ,85,,,,,,,,,,,,
HERRING PICKLED              <FISH>,3,OZ,190,0,13,17,85,4.3 ,85,,,,,,,,,,,,
TUNA CANNED                  <FISH>,3,OZ,165,0,7,24,55,1.4 ,85,,,,,,,,,,,,
TUNA WHITE                   <FISH>,3,OZ,135,0,1,30,48,0.3 ,85,,,,,,,,,,,,
TUNA YELLOWFIN               <FISH>,1,OZ, 30.5, 0.0, 0.3, 6.6, 12.7, 0.1,2,8,0,0,13,2,1,0,0,1,0,4,1,
TUNA SALAD                   <FISH>,1,CUP,375,19,19,33,80,3.3 ,205,,,,,,,,,,,,
TROUT BROILED                <FISH>,3,OZ,175,0,9,21,71,4.1 ,85,,,,,,,,,,,,
SALMON BAKED RED             <FISH>,3,OZ,140,0,5,21,60,1.2 ,85,,,,,,,,,,,,
SALMON CANNED                <FISH>,3,OZ,120,0,5,17,34,0.9 ,85,,,,,,,,,,,,
SALMON SMOKED                <FISH>,3,OZ,150,0,8,18,51,2.6 ,85,,,,,,,,,,,,
# FRUITS
MANGOS RAW                  <FRUIT>,1,MANGO,135,35,1,1,0,0.1 ,207,,,,,,,,,,,,
BANANA RAW                  <FRUIT>,1,ITEM,105,27,1,1,0,0.2 ,114,,,,,,,,,,,,
BANANAS SLICED              <FRUIT>,1,CUP,140,35,1,2,0,0.3 ,150,,,,,,,,,,,,
APPLES RAW PEELED           <FRUIT>,1,CUP,65,16,0,0,0,0.1 ,110,,,,,,,,,,,,
AVOCADOS CALIFORNIA         <FRUIT>,1,ITEM,305,12,30,4,0,4.5 ,173,,,,,,,,,,,,
AVOCADOS FLORIDA            <FRUIT>,1,ITEM,340,27,27,5,0,5.3 ,304,,,,,,,,,,,,
BLACKBERRIES RAW            <FRUIT>,1,CUP,75,18,1,1,0,0.2 ,144,,,,,,,,,,,,
BLUEBERRIES RAW             <FRUIT>,1,CUP,80,20,1,1,0,0 ,145,,,,,,,,,,,,
CHERRIES SOUR RED CANND <FRUIT>,1,CUP,90,22,0,2,0,0.1 ,244,,,,,,,,,,,,
CHERRIES SWEET RAW          <FRUIT>,10,CHERRY,50,11,1,1,0,0.1 ,68,,,,,,,,,,,,
LEMONS RAW                  <FRUIT>,1,LEMON,15,5,0,1,0,0 ,58,,,,,,,,,,,,
PEARS CANNED HEAVY SYRUP    <FRUIT>,1,CUP,190,49,0,1,0,0 ,255,,,,,,,,,,,,
PEARS RAW BARTLETT          <FRUIT>,1,PEAR,100,25,1,1,0,0 ,166,,,,,,,,,,,,
PEARS RAW BOSC              <FRUIT>,1,PEAR,85,21,1,1,0,0 ,141,,,,,,,,,,,,
PEARS RAW DANJOU            <FRUIT>,1,PEAR,120,30,1,1,0,0 ,200,,,,,,,,,,,,
KIWIFRUIT RAW               <FRUIT>,1,KIWI,45,11,0,1,0,0 ,76,,,,,,,,,,,,
PLUMS CANNED HEAVY SYRUP    <FRUIT>,1,CUP,230,60,0,1,0,0 ,258,,,,,,,,,,,,
PLUMS RAW                   <FRUIT>,1,PLUM,15,4,0,0,0,0 ,28,,,,,,,,,,,,
PINEAPPLE CANNED SYRUP <FRUIT>,1,CUP,200,52,0,1,0,0 ,255,,,,,,,,,,,,
PINEAPPLE CANNED  SYRUP <FRUIT>,1,SLICE,45,12,0,0,0,0 ,58,,,,,,,,,,,,
PINEAPPLE RAW DICED         <FRUIT>,1,CUP,75,19,1,1,0,0 ,155,,,,,,,,,,,,
ORANGES RAW                 <FRUIT>,1,CUP,75,19,1,1,0,0 ,155,,,,,,,,,,,,
ORANGES RAW                 <FRUIT>,1,ORANGE,60,15,0,1,0,0 ,131,,,,,,,,,,,,
TOMATOES RED                <FRUIT>,1,CUP,26.8,5.8,0.3,1.3,0.0,0.0,149,10.0,25,32,4,2,4,1,6,6,0,4,15,1,2,0,10,2,
# JUICES
APPLE                       <JUICE>,1,cup,114,28.0,0.3,0.2,0.0,0.1,248,4.5,0,4,3,2,1,1,2,0,0,0,0,2,2,0,7,0 ,
CRANBERRY                   <JUICE>,1,CUP,145,38,0,0,0,0 ,253,,,,,,,,,,,,
GRAPE CANNED                <JUICE>,1,CUP,155,38,0,1,0,0.1 ,253,,,,,,,,,,,,
GRAPEJCE CONCEN SWTND W/C   <JUICE>,6,FLOZ,385,96,1,1,0,0.2 ,21,,,,,,,,,,,6,
LEMON RAW                   <JUICE>,1,CUP,60,21,0,1,0,0 ,244,,,,,,,,,,,,
ORANGE RAW                  <JUICE>,1,CUP,110,26,0,2,0,0.1 ,248,,,,,,,,,,,,
LEMON CANNED                <JUICE>,1,CUP,50,16,1,1,0,0.1 ,244,,,,,,,,,,,,
LEMON CANNED                <JUICE>,1,TBSP,5,1,0,0,0,0 ,15,,,,,,,,,,,,
LIME RAW                    <JUICE>,1,CUP,65,22,0,1,0,0 ,246,,,,,,,,,,,,
LIME CANNED                 <JUICE>,1,CUP,50,16,1,1,0,0.1 ,246,,,,,,,,,,,,
TOMATO CANNED W/O SALT      <JUICE>,1,CUP,40,10,0,2,0,0 ,244,,,,,,,,,,,,
TOMATO CANNED WITH SALT     <JUICE>,1,CUP,40,10,0,2,0,0 ,244,,,,,,,,,,,,
APRICOTS                    <JUICE>,1,CUP,120,31,0,2,0,0 ,248,,,,,,,,,,,,
GRAPEFRUIT                  <JUICE>,1,CUP,95,23,0,1,0,0 ,247,,,,,,,,,,,,
GRAPEFRUIT                  <JUICE>,6,FLOZ,300,72,1,4,0,0.1 ,207,,,,,,,,,,,,
PINEAPPLE                   <JUICE>,1,CUP,140,34,0,1,0,0 ,250,,,,,,,,,,,,
PRUNE                       <JUICE>,1,CUP,180,45,0,2,0,0 ,256,,,,,,,,,,,,
TANGERINE                   <JUICE>,1,CUP,125,30,0,1,0,0 ,249,,,,,,,,,,,,
PEARS                       <JUICE>,1,CUP,125,32,0,1,0,0 ,248,,,,,,,,,,,,
# MEATS
BEEF STEAK SIRLOIN BROIL     <MEAT>,3,OZ,240,0,15,23,77,6.4 ,85,,,,,,,,,,,,
CHICKEN BOILED               <MEAT>,5,OZ,235,0,11,31,88,3.1 ,142,,,,,,,,,,,,
CHICKEN BREAST FRIED BATTER  <MEAT>,4.9,OZ,365,13,18,35,119,4.9 ,140,,,,,,,,,,,,
CHICKEN BREAST FRIED FLOUR   <MEAT>,3.5,OZ,220,2,9,31,87,2.4 ,98,,,,,,,,,,,,
CHICKEN FRIED BATTER DRMSTCK <MEAT>,2.5,OZ,195,6,11,16,62,3 ,72,,,,,,,,,,,,
CHICKEN FRIED FLOUR DRMSTCK  <MEAT>,1.7,OZ,120,1,7,13,44,1.8 ,49,,,,,,,,,,,,
CHICKEN ROASTED BREAST       <MEAT>,3.0,OZ,140,0,3,27,73,0.9 ,86,,,,,,,,,,,,
CHICKEN ROASTED DRUMSTICK    <MEAT>,1.6,OZ,75,0,2,12,41,0.7 ,44,,,,,,,,,,,,
CHICKEN STEWED               <MEAT>,1,CUP,250,0,9,38,116,2.6 ,140,,,,,,,,,,,,
LAMB RIB ROASTED             <MEAT>,3,OZ,315,0,26,18,77,12.1 ,85,,,,,,,,,,,,
LAMB RIB ROASTED LEAN        <MEAT>,2,OZ,130,0,7,15,50,3.2 ,57,,,,,,,,,,,,
LAMB CHOPS ARM BRAISED LEAN  <MEAT>,1.7,OZ,135,0,7,17,59,2.9 ,48,,,,,,,,,,,,
LAMB CHOPS ARM BRAISED       <MEAT>,2.2,OZ,220,0,15,20,77,6.9 ,63,,,,,,,,,,,,
LAMB CHOPS LOIN BROIL LEAN   <MEAT>,2.3,OZ,140,0,6,19,60,2.6 ,64,,,,,,,,,,,,
LAMB CHOPS LOIN BROIL        <MEAT>,2.8,OZ,235,0,16,22,78,7.3 ,80,,,,,,,,,,,,
LAMB LEG ROASTED LEAN        <MEAT>,2.6,OZ,140,0,6,20,65,2.4 ,73,,,,,,,,,,,,
LAMB LEG ROASTED             <MEAT>,3,OZ,205,0,13,22,78,5.6 ,85,,,,,,,,,,,,
BEEF CANNED CORNED           <MEAT>,3,OZ,185,0,10,22,80,4.2 ,85,,,,,,,,,,,,
BEEF CKD BTTM ROUND          <MEAT>,3,OZ,220,0,13,25,81,4.8 ,85,,,,,,,,,,,,
BEEF CKD BTTM ROUND LEAN     <MEAT>,2.8,OZ,175,0,8,25,75,2.7 ,78,,,,,,,,,,,,
BEEF CKD CHUCK BLADE         <MEAT>,3,OZ,325,0,26,22,87,10.8 ,85,,,,,,,,,,,,
BEEF CKD CHUCK BLADE LEAN    <MEAT>,2.2,OZ,170,0,9,19,66,3.9 ,62,,,,,,,,,,,,
BEEF DRIED CHIPPED           <MEAT>,2.5,OZ,145,0,4,24,46,1.8 ,72,,,,,,,,,,,,
BEEF AND VEG STEW HM RCP     <MEAT>,1,CUP,220,15,11,16,71,4.4 ,245,,,,,,,,,,,,
BEEF BROTH BOULLN CONSM CNND <MEAT>,1,CUP,15,0,1,3,0,0.3 ,240,,,,,,,,,,,,
BEEF GRAVY CANNED            <MEAT>,1,CUP,125,11,5,9,7,2.7 ,233,,,,,,,,,,,,
BEEF HEART BRAISED           <MEAT>,3,OZ,150,0,5,24,164,1.2 ,85,,,,,,,,,,,,
BEEF LIVER FRIED             <MEAT>,3,OZ,185,7,7,23,410,2.5 ,85,,,,,,,,,,,,
BEEF ROAST EYE O RND         <MEAT>,3,OZ,205,0,12,23,62,4.9 ,85,,,,,,,,,,,,
BEEF ROAST RIB               <MEAT>,3,OZ,315,0,26,19,72,10.8 ,85,,,,,,,,,,,,
BEEF STEAK SIRLOIN BROIL LEAN<MEAT>,2.5,OZ,150,0,6,22,64,2.6 ,72,,,,,,,,,,,,
PORK BACON REGUL             <MEAT>,3,SLICE,110,0,9,6,16,3.3 ,19,,,,,,,,,,,,
PORK BACON CANADIAN          <MEAT>,2,SLICE,85,1,4,11,27,1.3 ,46,,,,,,,,,,,,
PORK CURED HAM CANNED ROAST  <MEAT>,3,OZ,140,0,7,18,35,2.4 ,85,,,,,,,,,,,,
PORK CURED HAM ROSTED LEAN   <MEAT>,2.4,OZ,105,0,4,17,37,1.3 ,68,,,,,,,,,,,,
PORK CURED HAM ROSTED        <MEAT>,3,OZ,205,0,14,18,53,5.1 ,85,,,,,,,,,,,,
PORK LINK                    <MEAT>,1,LINK,50,0,4,3,11,1.4 ,13,,,,,,,,,,,,
PORK LUNCHEON CANNED         <MEAT>,2,SLICES,140,1,13,5,26,4.5 ,42,,,,,,,,,,,,
PORK LUNCHEON CHOPPD HAM     <MEAT>,2,SLICES,95,0,7,7,21,2.4 ,42,,,,,,,,,,,,
PORK LUNCHEON HAM LEAN     <MEAT>,2,SLICES,75,1,3,11,27,0.9 ,57,,,,,,,,,,,,
PORK CHOP LOIN BROIL LEAN    <MEAT>,2.5,OZ,165,0,8,23,71,2.6 ,72,,,,,,,,,,,,
PORK CHOP LOIN PANFRY LEAN   <MEAT>,2.4,OZ,180,0,11,19,72,3.7 ,67,,,,,,,,,,,,
PORK FRESH HAM ROASTD LEAN   <MEAT>,2.5,OZ,160,0,8,20,68,2.7 ,72,,,,,,,,,,,,
PORK FRESH RIB ROASTD LEAN   <MEAT>,2.5,OZ,175,0,10,20,56,3.4 ,71,,,,,,,,,,,,
PORK SHOULDER BRAISD LEAN    <MEAT>,2.4,OZ,165,0,8,22,76,2.8 ,67,,,,,,,,,,,,
PORK SHOULDER BRAISD         <MEAT>,3,OZ,295,0,22,23,93,7.9 ,85,,,,,,,,,,,,
# PIES
APPLE                         <PIE>,1,PIECE,405,60,18,3,0,4.6 ,158,,,,,,,,,,,,
BLUEBERRY                     <PIE>,1,PIECE,380,55,17,4,0,4.3 ,158,,,,,,,,,,,,
RASPBERRY                     <PIE>,1,PIECE,380,55,17,4,0,4.3 ,158,,,,,,,,,,,,
STRAWBERRY                     <PIE>,1,PIECE,380,55,17,4,0,4.3 ,158,,,,,,,,,,,,
CHERRY                        <PIE>,1,PIECE,410,61,18,4,0,4.7 ,158,,,,,,,,,,,,
CREME                         <PIE>,1,PIECE,455,59,23,3,8,15 ,152,,,,,,,,,,,,
CUSTARD                       <PIE>,1,PIECE,330,36,17,9,169,5.6 ,152,,,,,,,,,,,,
LEMON MERINGUE                <PIE>,1,PIECE,355,53,14,5,143,4.3 ,140,,,,,,,,,,,,
PEACH                         <PIE>,1,PIECE,405,60,17,4,0,4.1 ,158,,,,,,,,,,,,
PECAN                         <PIE>,1,PIECE,575,71,32,7,95,4.7 ,138,,,,,,,,,,,,
PUMPKIN                       <PIE>,1,PIECE,320,37,17,6,109,6.4 ,152,,,,,,,,,,,,
# NUTS
ALMONDS                      <NUTS>,1,cup,842,28.9,73.4,31.8,0.0,5.6,145,75.5,0,0,19,48,27,5,9,11,0,179,0,31,30,2,28,30 ,
BRAZIL                       <NUTS>,1,OZ,185,4,19,4,0,4.6 ,28.35,,,,,,,,,,,,
MACADAMIA OILRSTD SALTED     <NUTS>,1,CUP,960,17,103,10,0,15.4 ,134,,,,,,,,,,,,
MACADAMIA OILRSTD SALTED     <NUTS>,1,OZ,205,4,22,2,0,3.2 ,28.35,,,,,,,,,,,,
MACADAMIA OILRSTD UNSALT     <NUTS>,1,CUP,960,17,103,10,0,15.4 ,134,,,,,,,,,,,,
MACADAMIA OILRSTD UNSALT     <NUTS>,1,OZ,205,4,22,2,0,3.2 ,28.35,,,,,,,,,,,,
WALNUTS BLACK CHOPPED        <NUTS>,1,CUP,760,15,71,30,0,4.5 ,125,,,,,,,,,,,,
WALNUTS ENGLISH              <NUTS>,1,CUP,770,22,74,17,0,6.7 ,120,,,,,,,,,,,,
WALNUTS ENGLISH              <NUTS>,1,OZ,180,5,18,4,0,1.6 ,28.35,,,,,,,,,,,,
MIXED PEANTS DRY SALTD       <NUTS>,1,OZ,170,7,15,5,0,2 ,28.35,,,,,,,,,,,,
MIXED PEANTS OIL SALTD       <NUTS>,1,OZ,175,6,16,5,0,2.5 ,28.35,,,,,,,,,,,,
PECANS HALVES                <NUTS>,1,CUP,720,20,73,8,0,5.9 ,108,,,,,,,,,,,,
PECANS HALVES                <NUTS>,1,OZ,190,5,19,2,0,1.5 ,28.35,,,,,,,,,,,,
PISTACHIO NUTS               <NUTS>,1,OZ,165,7,14,6,0,1.7 ,28.35,,,,,,,,,,,,
CASHEW DRY ROASTD SALTED     <NUTS>,1,OZ,165,9,13,4,0,2.6 ,28.35,,,,,,,,,,,,
CASHEW DRY ROASTD UNSALT     <NUTS>,1,CUP,785,45,63,21,0,12.5 ,137,,,,,,,,,,,,
CASHEW DRY ROASTD UNSALT     <NUTS>,1,OZ,165,9,13,4,0,2.6 ,28.35,,,,,,,,,,,,
CASHEW DRY ROASTED SALTD     <NUTS>,1,CUP,785,45,63,21,0,12.5 ,137,,,,,,,,,,,,
CASHEW OIL ROASTD SALTED     <NUTS>,1,CUP,750,37,63,21,0,12.4 ,130,,,,,,,,,,,,
CASHEW OIL ROASTD SALTED     <NUTS>,1,OZ,165,8,14,5,0,2.7 ,28.35,,,,,,,,,,,,
CASHEW OIL ROASTD UNSALT     <NUTS>,1,CUP,750,37,63,21,0,12.4 ,130,,,,,,,,,,,,
CASHEW OIL ROASTD UNSALT     <NUTS>,1,OZ,165,8,14,5,0,2.7 ,28.35,,,,,,,,,,,,
# VEGETABLES
BROCCOLI RAW                  <VEG>,1,PIECE,40,8,1,4,0,0.1 ,151,,,,,,,,,,,,
BROCCOLI RAW COOKED           <VEG>,1,CUP,45,9,0,5,0,0.1 ,155,,,,,,,,,,,,
JERUSALEM-ARTICHOKE RAW       <VEG>,1,CUP,115,26,0,3,0,0 ,150,,,,,,,,,,,,
CABBAGE CHINESE PAK-CHOI CKD  <VEG>,1,CUP,20,3,0,3,0,0 ,170,,,,,,,,,,,,
CABBAGE CHINESE PE-TSAI RAW   <VEG>,1,CUP,10,2,0,1,0,0 ,76,,,,,,,,,,,,
CABBAGE COMMON COOKED DRNED   <VEG>,1,CUP,30,7,0,1,0,0 ,150,,,,,,,,,,,,
CABBAGE COMMON RAW            <VEG>,1,CUP,15,4,0,1,0,0 ,70,,,,,,,,,,,,
CABBAGE RED RAW               <VEG>,1,CUP,20,4,0,1,0,0 ,70,,,,,,,,,,,,
CABBAGE SAVOY RAW             <VEG>,1,CUP,20,4,0,1,0,0 ,70,,,,,,,,,,,,
BRUSSELS SPROUTS RAW          <VEG>,1,CUP,60,13,1,4,0,0.2 ,155,,,,,,,,,,,,
SPINACH CANNED DRND W/ SALT   <VEG>,1,CUP,50,7,1,6,0,0.2 ,214,,,,,,,,,,,,
SPINACH CANNED DRND W/O SALT  <VEG>,1,CUP,50,7,1,6,0,0.2 ,214,,,,,,,,,,,,
SPINACH RAW                   <VEG>,1,CUP,6.9,1.1,0.1,0.9,0.0,0.0,30,5.4,56,14,2,3,1,0,3,15,0,3,181,3,5,1,5,1,
BEET GREENS COOKED            <VEG>,1,CUP,40,8,0,4,0,0 ,144,,,,,,,,,,,,
BEETS CANNED W/ SALT          <VEG>,1,CUP,55,12,0,2,0,0 ,170,,,,,,,,,,,,
BEETS COOKED DICED            <VEG>,1,CUP,55,11,0,2,0,0 ,170,,,,,,,,,,,,
BEETS COOKED WHOLE            <VEG>,2,ITEM,30,7,0,1,0,0 ,100,,,,,,,,,,,,
TURNIP GREENS CKED FRM FROZEN <VEG>,1,CUP,50,8,1,5,0,0.2 ,164,,,,,,,,,,,,
TURNIP GREENS COOKED FROM RAW <VEG>,1,CUP,30,6,0,2,0,0.1 ,144,,,,,,,,,,,,
TURNIPS COOKED DICED          <VEG>,1,CUP,30,8,0,1,0,0 ,156,,,,,,,,,,,,
CARROTS CANNED DRN W/ SALT    <VEG>,1,CUP,35,8,0,1,0,0.1 ,146,,,,,,,,,,,,
CARROTS CANNED DRND W/O SALT  <VEG>,1,CUP,35,8,0,1,0,0.1 ,146,,,,,,,,,,,,
CARROTS COOKED FROM FROZEN    <VEG>,1,CUP,55,12,0,2,0,0 ,146,,,,,,,,,,,,
CARROTS COOKED FROM RAW       <VEG>,1,CUP,70,16,0,2,0,0.1 ,156,,,,,,,,,,,,
CARROTS RAW GRATED            <VEG>,1,CUP,45,11,0,1,0,0 ,110,,,,,,,,,,,,
CARROTS RAW WHOLE             <VEG>,1,ITEM,30,7,0,1,0,0 ,72,,,,,,,,,,,,
KALE COOKED FROM RAW          <VEG>,1,CUP,40,7,1,2,0,0.1 ,130,,,,,,,,,,,,
LETTUCE BUTTERHEAD RAW HEAD   <VEG>,1,HEAD,20,4,0,2,0,0 ,163,,,,,,,,,,,,
LETTUCE CRISPHEAD RAW         <VEG>,1,CUP,5,1,0,1,0,0 ,55,,,,,,,,,,,,
LETTUCE CRISPHEAD RAW HEAD    <VEG>,1,HEAD,70,11,1,5,0,0.1 ,539,,,,,,,,,,,,
LETTUCE CRISPHEAD RAW WEDGE   <VEG>,1,WEDGE,20,3,0,1,0,0 ,135,,,,,,,,,,,,
LETTUCE LOOSELEAF             <VEG>,1,CUP,10,2,0,1,0,0 ,56,,,,,,,,,,,,
PARSLEY RAW                   <VEG>,10,SPRIG,5,1,0,0,0,0 ,10,,,,,,,,,,,,
PARSNIPS COOKED               <VEG>,1,CUP,125,30,0,2,0,0.1 ,156,,,,,,,,,,,,
POTATO SALAD W/ MAYONNAIS     <VEG>,1,CUP,360,28,21,7,170,3.6 ,250,,,,,,,,,,,,
POTATOES AU GRATIN FROM MIX   <VEG>,1,CUP,230,31,10,6,12,6.3 ,245,,,,,,,,,,,,
POTATOES BAKED FLESH ONLY     <VEG>,1,ITM,145,34,0,3,0,0 ,156,,,,,,,,,,,,
POTATOES BAKED WITH SKIN      <VEG>,1,ITM,220,51,0,5,0,0.1 ,202,,,,,,,,,,,,
POTATOES BOILED PEELED        <VEG>,1,ITM,115,27,0,2,0,0 ,135,,,,,,,,,,,,
POTATOES HASHED               <VEG>,1/2,cup,170,21.9,9.0,2.5,0.0,3.5,78,19.1,0,8,6,1,9,3,5,1,0,1,4,1,7,1,10,2 
POTATOES RED                  <VEG>,1,Potato,258,59.2,0.5,7.0,0.0,0.1,369,60.5,1,53,20,7,21,10,31,17,0,0,13,4,15,1,48,8,
POTATOES MASHED MILK          <VEG>,1,CUP,160,37,1,4,4,0.7 ,210,,,,,,,,,,,,
POTATOES MASHED MILK BUTTER   <VEG>,1,CUP,225,35,9,4,4,2.2 ,210,,,,,,,,,,,,
POTATOES SCALLOPED FROM MIX   <VEG>,1,CUP,230,31,11,5,27,6.5 ,245,,,,,,,,,,,,
POTATOES FRENCH FRIED         <VEG>,10,ITM,160,20,8,2,0,2.5 ,50,,,,,,,,,,,,
CAULIFLOWER RAW               <VEG>,1,CUP,30,6,0,2,0,0 ,125,,,,,,,,,,,,
CELERY RAW STALK              <VEG>,1,ITM,5,1,0,0,0,0 ,40,,,,,,,,,,,,
CELERY SEED                   <VEG>,1,TSP,10,1,1,0,0,0 ,2,,,,,,,,,,,,
COLLARDS COOKED FROM RAW      <VEG>,1,CUP,25,5,0,2,0,0.1 ,190,,,,,,,,,,,,
ONIONS RAW CHOPPED            <VEG>,1,CUP,55,12,0,2,0,0.1 ,160,,,,,,,,,,,,
ONIONS RAW COOKED             <VEG>,1,CUP,60,13,0,2,0,0.1 ,210,,,,,,,,,,,,
ONIONS RAW SLICED             <VEG>,1,CUP,40,8,0,1,0,0.1 ,115,,,,,,,,,,,,
ONIONS SPRING RAW             <VEG>,6,ITM,10,2,0,1,0,0 ,30,,,,,,,,,,,,
SQUASH ACORN                  <VEG>,1,CUP,56,15,0.5,0.5,0,0.0 ,140,,,,,,,,,,,,
SQUASH SUMMER                 <VEG>,1,CUP,35,8,1,2,0,0.1 ,180,,,,,,,,,,,,
SQUASH WINTER                 <VEG>,1,CUP,80,18,1,2,0,0.3 ,205,,,,,,,,,,,,
SWEETPOTATOES BAKED PEELED    <VEG>,1,ITM,115,28,0,2,0,0 ,114,,,,,,,,,,,,
SWEETPOTATOES BOILED W/O PEEL <VEG>,1,ITM,160,37,0,2,0,0.1 ,151,,,,,,,,,,,,
SWEETPOTATOES CANDIED         <VEG>,1,PIECE,145,29,3,1,8,1.4 ,105,,,,,,,,,,,,
SWEETPOTATOES CANNED MASHED   <VEG>,1,CUP,260,59,1,5,0,0.1 ,255,,,,,,,,,,,,
SWEETPOTATOES CNNED VAC PACK  <VEG>,1,PIECE,35,8,0,1,0,0 ,40,,,,,,,,,,,,
CHARD SWISS                   <VEG>,1,cup,,35.0,7.2,0.1,3.3,0.0,0.0,175,50.2,214,53,4,9,3,3,7,4,0,17,716,10,22,13,27,4 ,
# SOUPS
BEAN WITH BACON              <SOUP>,1,CUP,170,23,6,8,3,1.5 ,253,,,,,,,,,,,,
BEEF NOODLE                  <SOUP>,1,CUP,85,9,3,5,5,1.1 ,244,,,,,,,,,,,,
CHICKEN ENCHILADA            <SOUP>,1,CUP,170,16,7,10,45,3.0,245,0.0,10,6,4,,,,,,,,,15,6,,,,
CHICKEN CREAM OF             <SOUP>,1,CUP,115,9,7,3,10,2.1 ,244,,,,,,,,,,,,
CHICKEN NOODLE               <SOUP>,1,CUP,75,9,2,4,7,0.7 ,241,,,,,,,,,,,,
CHICKEN RICE                 <SOUP>,1,CUP,60,7,2,4,7,0.5 ,241,,,,,,,,,,,,
LOBSTER BISQUE               <SOUP>,1,CUP,270,13,7,7,85,7,245,,,,,,,,,,,,
MINESTRONE                   <SOUP>,1,CUP,80,11,3,4,2,0.6 ,241,,,,,,,,,,,,
MISO                         <SOUP>,1,CUP,470,65,13,29,0,1.8 ,276,,,,,,,,,,,,
MUSHROOM CREAM OF            <SOUP>,1,CUP,205,15,14,6,20,5.1 ,248,,,,,,,,,,,,
PEA GREEN                    <SOUP>,1,CUP,165,27,3,9,0,1.4 ,250,,,,,,,,,,,,
TOMATO                       <SOUP>,1,CUP,160,22,6,6,17,2.9 ,248,,,,,,,,,,,,
VEGETABLE BEEF               <SOUP>,1,CUP,80,10,2,6,5,0.9 ,244,,,,,,,,,,,,
VEGETARIAN                   <SOUP>,1,CUP,70,12,2,2,0,0.3 ,241,,,,,,,,,,,,
POTATO CREAM                 <SOUP>,1,cup,73.2,11.5,2.4,1.8,4.9,1.2,244,,6,0,2,2,3,8,2,1,1,,,2,3,42,4,4
CLAM CHOWDER MANHATTAN <SOUP>,1,CUP,100,17,7,3,5,2.1 ,239,,25,,,,,,,,,,,,4,,,
#
ALFALFA SEEDS                      ,1,cup,7.6,0.7,0.2,1.3,0.0,0.0,33,4.8,1,5,2,2,1,2,1,3,0,0,13,1,2,0,1,2,
APPLESAUCE CANNED                  ,1,CUP,105,28,0,0,0,0 ,244,,,,,,,,,,,,
APRICOTS DRIED RAW                 ,1,CUP,310,80,1,5,0,0 ,130,,,,,,,,,,,,
APRICOTS RAW                       ,1,ITEM,17,4,0,0.33,0,0 ,35,,,,,,,,,,,,
ARTICHOKES GLOBE                   ,1,ITEM,55,12,0,3,0,0 ,120,,,,,,,,,,,,
ASPARAGUS CKD FRM RAW DR           ,4,ITEM,15,3,0,2,0,0 ,60,,,,,,,,,,,,
BACON FRIED                        ,3,SLICE,110,0,9,6,16,3.3 ,19,,,,,,,,,,,,
BAGELS EGG                         ,1,ITEM,200,38,2,7,44,0.3 ,68,,,,,,,,,,,,
BAGELS PLAIN                       ,1,ITEM,200,38,2,7,0,0.3 ,68,,,,,,,,,,,,
BAMBOO SHOOTS CANNED               ,1,CUP,25,4,1,2,0,0.1 ,131,,,,,,,,,,,,
BAR HARVEST TRAIL ATKINS           ,1,ITM,170,19,13,8,0,3 ,38,,,,,,,,,,,,
BARBECUE SAUCE                     ,1,TBSP,10,2,0,0,0,0 ,16,,,,,,,,,,,,
BARLEY PEARLED LIGHT UNCOOKD       ,1,CUP,700,158,2,16,0,0.3 ,200,,,,,,,,,,,,
BEAN SPROUTS MUNG RAW              ,1,CUP,30,6,0,3,0,0 ,104,,,,,,,,,,,,
BLACK-EYED PEAS DRY COOKED         ,1,CUP,190,35,1,13,0,0.2 ,250,,,,,,,,,,,,
# DRESSINGS
BLUE CHEESE SALAD DRESSING         ,1,TBSP,75,1,8,1,3,1.5 ,15,,,,,,,,,,,,
#
BOLOGNA                            ,2,SLICE,180,2,16,7,31,6.1 ,57,,,,,,,,,,,,
BRAN MUFFINS                       ,1,ITEM,140,24,4,3,28,1.3 ,45,,,,,,,,,,,,
BRAUNSCHWEIGER                     ,2,SLICES,205,2,18,8,89,6.2 ,57,,,,,,,,,,,,
BROWN GRAVY FROM DRY MIX           ,1,CUP,80,14,2,3,2,0.9 ,261,,,,,,,,,,,,
BROWNIES NUTS FRSTNG               ,1,PIECE,100,16,4,1,14,1.6 ,25,,,,,,,,,,,,
BUCKWHEAT FLOUR LIGHT SIFTED       ,1,CUP,340,78,1,6,0,0.2 ,98,,,,,,,,,,,,
BULGUR UNCOOKED                    ,1,CUP,600,129,3,19,0,1.2 ,170,,,,,,,,,,,,
BUTTER SALTED                      ,1,TBSP,100,0,11,0,31,7.1 ,14,,,,,,,,,,,,
BUTTER UNSALTED                    ,1,TBSP,100,0,11,0,31,7.1 ,14,,,,,,,,,,,,
BUTTERMILK                         ,1,CUP,100,12,2,8,9,1.3 ,245,,,,,,,,,,,,
CANTALOUP RAW                      ,0.5,ITM,95,22,1,2,0,0.1 ,267,,,,,,,,,,,,
CARAMELS PLAIN OR CHOCOLATE        ,1,OZ,115,22,3,1,1,2.2 ,28.35,,,,,,,,,,,,
CAROB FLOUR                        ,1,CUP,255,126,0,6,0,0 ,140,,,,,,,,,,,,
CATSUP                             ,1,CUP,290,69,1,5,0,0.2 ,273,,,,,,,,,,,,
CATSUP                             ,1,TBSP,15,4,0,0,0,0 ,15,,,,,,,,,,,,
CHEESEBURGER 4OZ PATTY             ,1,ITEM,525,40,31,30,104,15.1 ,194,,,,,,,,,,,,
CHEESEBURGER REGULAR               ,1,ITEM,300,28,15,15,44,7.3 ,112,,,,,,,,,,,,
CHEESECAKE                         ,1,PIECE,280,26,18,5,170,9.9 ,92,,,,,,,,,,,,
CHESTNUTS EUROPEAN ROASTED         ,1,CUP,350,76,3,5,0,0.6 ,143,,,,,,,,,,,,
CHICKEN WINGS FRIED BATTER         ,4.9,OZ,365,13,18,35,119,4.9 ,140,,,,,,,,,,,,
CHICKEN CHOW MEIN CANNED           ,1,CUP,95,18,0,7,8,0.1 ,250,,,,,,,,,,,,
CHICKEN FRANKFURTER                ,1,FRANK,115,3,9,6,45,2.5 ,45,,,,,,,,,,,,
CHICKEN ROLL LIGHT                 ,2,SLICES,90,1,4,11,28,1.1 ,57,,,,,,,,,,,,
CHICKEN_GRAVY CANNED               ,1,CUP,190,13,14,5,5,3.4 ,238,,,,,,,,,,,,
CHICKEN_GRAVY FROM DRY MIX         ,1,CUP,85,14,2,3,3,0.5 ,260,,,,,,,,,,,,
CHICKEN_LIVER COOKED               ,1,LIVER,30,0,1,5,126,0.4 ,20,,,,,,,,,,,,
CHICKPEAS COOKED                   ,1,CUP,270,45,4,15,0,0.4 ,163,,,,,,,,,,,,
CHILI CON   BEANS CAN     <MEAL>,1,CUP,298,28.1,12.9,17.4,32.0,4.3,246,66.7,20,6,9,14,12,4,16,16,27,,,9,36,43,19,17 
CHILI POWDER                       ,1,TSP,10,1,0,0,0,0.1 ,2.6,,,,,,,,,,,,
CHOCOLATE BITTER OR BAKING         ,1,OZ,145,8,15,3,0,9 ,28.35,,,,,,,,,,,,
# SWEETS
CHOCOLATE CANDY W/ ALMOND          ,1,OZ,150,15,10,3,5,4.8 ,28.35,,,,,,,,,,,,
CHOCOLATE CANDY W/ PENUTS          ,1,OZ,155,13,11,4,5,4.2 ,28.35,,,,,,,,,,,,
CHOCOLATE CANDY W/ RICE C          ,1,OZ,140,18,7,2,6,4.4 ,28.35,,,,,,,,,,,,
CHOCOLATE CHIP COOKIES             ,4,COOKIE,180,28,9,2,5,2.9 ,42,,,,,,,,,,,,
CHOCOLATE DARK                     ,1,OZ,150,16,10,1,0,5.9 ,28.35,,,,,,,,,,,,
CHOCOLATE MILK                     ,1,OZ,145,16,9,2,6,5.4 ,28.3,,,,,,,,,,,5,
CHOCOLATE MILK LOWFAT 2%           ,1,CUP,180,26,5,8,17,3.1 ,250,,,,,,,,,,,,
CHOCOLATE MILK REGULAR             ,1,CUP,210,26,8,8,31,5.3 ,250,,,,,,,,,,,,
CHOCOLATE SYRUP                    ,2,TBSP,85,22,0,1,0,0.2 ,38,,,,,,,,,,,,
# SPICES
CINNAMON                           ,1,TSP,5,2,0,0,0,0 ,2.3,,,,,,,,,,,,
#
CLAM CHOWDER NEW ENG               ,1,CUP,165,17,7,9,22,3 ,248,,,,,,,,,,,,
CLAMS CANNED                       ,3,OZ,85,2,2,13,54,0.5 ,85,,,,,,,,,,,,
CLAMS RAW                          ,3,OZ,65,2,1,11,43,0.3 ,85,,,,,,,,,,,,
#
COCA PWDR W/O NOFAT DRYMLK PRD     ,1,SERVNG,225,30,9,9,33,5.4 ,265,,,,,,,,,,,,
COCA PWDR W/O NONFAT DRY MILK      ,0.75,OZ,75,19,1,1,0,0.3 ,21,,,,,,,,,,,,
COCONUT DRIED SWEETND SHREDD       ,1,CUP,470,44,33,3,0,29.3 ,93,,,,,,,,,,,,
COCONUT RAW                        ,1,PIECE,160,7,15,1,0,13.4 ,45,,,,,,,,,,,,
COCONUT RAW SHREDDED               ,1,CUP,285,12,27,3,0,23.8 ,80,,,,,,,,,,,,
# COFFEE
COFFEE BLACK              <DRINK>,6,FLOZ,0,0,0,0,0,0 ,180,,,,,,,,,,,,
COFFEE INSTANT PREPARED            ,6,FLOZ,0,1,0,0,0,0 ,182,,,,,,,,,,,,
# SODAS
COLA DIET ASPARTAME ONLY     <SODA>,12,FLOZ,0,0,0,0,0,0 ,355,,,,,,,,,,,,
COLA DIET ASPRTAME + SACCHRN <SODA>,12,FLOZ,0,0,0,0,0,0 ,355,,,,,,,,,,,,
COLA DIET SACCHARIN ONLY     <SODA>,12,FLOZ,0,0,0,0,0,0 ,355,,,,,,,,,,,,
COLA REGULAR                 <SODA>,12,FLOZ,160,41,0,0,0,0 ,369,,,,,,,,,,,,
CLUB                         <SODA>,12,FLOZ,0,0,0,0,0,0 ,355,,,,,,,,,,,,
LEMON-LIME                   <SODA>,12,FLOZ,155,39,0,0,0,0 ,372,,,,,,,,,,,,
#
CORN CNND CRM STL WHIT NO SAL      ,1,CUP,185,46,1,4,0,0.2 ,256,,,,,,,,,,,,
CORN CNND CRM STL WHIT W/SALT      ,1,CUP,185,46,1,4,0,0.2 ,256,,,,,,,,,,,,
CORN CNND CRM STL YLLW NO SAL      ,1,CUP,185,46,1,4,0,0.2 ,256,,,,,,,,,,,,
CORN CNND CRM STL YLLW W/SALT      ,1,CUP,185,46,1,4,0,0.2 ,256,,,,,,,,,,,,
CORN COOKED WHITE                  ,1,CUP,135,34,0,5,0,0 ,165,,,,,,,,,,,,
CORN COOKED YELLOW                 ,1,CUP,135,34,0,5,0,0 ,165,,,,,,,,,,,,
CORN CHIPS                         ,1,OZ,155,16,9,2,0,1.4 ,28.35,,,,,,,,,,,,
CORN CNND WHL KRNL WHTE W/SALT     ,1,CUP,165,41,1,5,0,0.2 ,210,,,,,,,,,,,,
CORN CNND WHL KRNL YLLW W/SALT     ,1,CUP,165,41,1,5,0,0.2 ,210,,,,,,,,,,,,
CORN FLAKES KELLOGGS               ,1,OZ,110,24,0,2,0,0 ,28.35,,,,,,,,,,,,
CORN FLAKES TOASTIES               ,1,OZ,110,24,0,2,0,0 ,28.35,,,,,,,,,,,,
CORN GRITS COOKED INSTANT          ,1,PKT,80,18,0,2,0,0 ,137,,,,,,,,,,,,
CORN GRITS CKD REG WHTE NOSALT     ,1,CUP,145,31,0,3,0,0 ,242,,,,,,,,,,,,
CORN GRITS CKD REG WHTE W/SALT     ,1,CUP,145,31,0,3,0,0 ,242,,,,,,,,,,,,
CORN GRITS CKD REG YLLW NOSALT     ,1,CUP,145,31,0,3,0,0 ,242,,,,,,,,,,,,
CORN GRITS CKD REG YLLW W/SALT     ,1,CUP,145,31,0,3,0,0 ,242,,,,,,,,,,,,
CORN MUFFINS FROM COMMERL MIX      ,1,MUFFIN,145,22,6,3,42,1.7 ,45,,,,,,,,,,,,
# OILS
CORN OIL                           ,1,CUP,1925,0,218,0,0,27.7 ,218,,,,,,,,,,,,
CORN OIL                           ,1,TBSP,125,0,14,0,0,1.8 ,14,,,,,,,,,,,,
#
CORNMEAL BOLTED DRY FORM           ,1,CUP,440,91,4,11,0,0.5 ,122,,,,,,,,,,,,
CORNMEAL DEGERMED ENRCHED COOK     ,1,CUP,120,26,0,3,0,0 ,240,,,,,,,,,,,,
CORNMEAL DEGERMED ENRICHED DRY     ,1,CUP,500,108,2,11,0,0.2 ,138,,,,,,,,,,,,
CORNMEAL WHOLE-GRND UNBOLT DRY     ,1,CUP,435,90,5,11,0,0.5 ,122,,,,,,,,,,,,
COTTAGE CHEESE CREMD SMLL CURD     ,1,CUP,215,6,9,26,31,6 ,210,,,,,,,,,,,,
COTTAGE CHEESE CREMD W/FRUIT       ,1,CUP,280,30,8,22,25,4.9 ,226,,,,,,,,,,,,
COTTAGE CHEESE LOWFAT 2%           ,1,CUP,205,8,4,31,19,2.8 ,226,,,,,,,,,,,,
COTTAGE CHEESE UNCREAMED           ,1,CUP,125,3,1,25,10,0.4 ,145,,,,,,,,,,,,
CRABMEAT CANNED                    ,1,CUP,135,1,3,23,135,0.5 ,135,,,,,,,,,,,,
# CRACKERS
CRACKER CHEESE PEANUT              ,1,ITM,40,5,2,1,1,0.4 ,8,,,,,,,,,,,,
CRACKER CHEESE PLAIN               ,10,ITM,50,6,3,1,6,0.9 ,10,,,,,,,,,,,,
CRACKER CHEESE RITZ                ,6,ITM,200,22,8,2,5,3,38,,,,,,,,,,,,
CRACKER CREAM JACOB                ,1,ITM,34,5,1,0.8,0,0.0 ,8,,,,,,,,,,,,
CRACKER GRAHAM PLAIN               ,2,ITM,60,11,1,1,0,0.4 ,14,,,,,,,,,,,,
CRACKER WHEAT THIN                 ,4,ITM,35,5,1,1,0,0.5 ,8,,,,,,,,,,,,
CRACKER WHOLE-WHEAT                ,2,ITM,35,5,2,1,0,0.5 ,8,,,,,,,,,,,,
CRACKERS WATER                         ,8,ITMS,130,24,,3,0,,,,,,,,,,,,,,,,2,4,
#
CREAM HEAVY                        ,1,CUP,820,7,88,5,326,54.8 ,238,,,,,,,,,,,,
CREAM HALF AND HALF                ,1,CUP,315,10,28,7,89,17.3 ,242,,,,,,,,,,,,
CREAM HALF AND HALF                ,1,TBSP,20,1,2,0,6,1.1 ,15,,,,,,,,,,,,
CREAM LIGHT TABLE                  ,1,TBSP,30,1,3,0,10,1.8 ,15,,,,,,,,,,,,
CREAM OF WHEAT                     ,1,CUP,140,29,0,4,0,0.1 ,244,,,,,,,,,,,,
CREAM OF WHEAT                     ,1,PKT,100,21,0,3,0,0 ,142,,,,,,,,,,,,
CRM WHEAT CKD REG INST W/SALT      ,1,CUP,140,29,0,4,0,0.1 ,244,,,,,,,,,,,,
CROISSANTS                         ,1,ITM,235,27,12,5,13,3.5 ,57,,,,,,,,,,,,
CUCUMBER W/ PEEL                   ,6,SLICES,5,1,0,0,0,0 ,28,,,,,,,,,,,,
CURRY POWDER                       ,1,TSP,5,1,0,0,0,0 ,2,,,,,,,,,,,,
CUSTARD BAKED                      ,1,CUP,305,29,15,14,278,6.8 ,265,,,,,,,,,,,,
DANISH PASTRY FRUIT                ,1,PASTRY,235,28,13,4,56,3.9 ,65,,,,,,,,,,,,
DANISH PASTRY PLAIN                ,1,PASTRY,220,26,12,4,49,3.6 ,57,,,,,,,,,,,,
DATES                              ,10,DATES,230,61,0,2,0,0.1 ,83,,,,,,,,,,,,
DATES CHOPPED                      ,1,CUP,490,131,1,4,0,0.3 ,178,,,,,,,,,,,,
DOUGHNUTS CAKE TYPE PLAIN          ,1,DONUT,210,24,12,3,20,2.8 ,50,,,,,,,,,,,,
DOUGHNUTS YEAST-LEAVEND GLZED      ,1,DONUT,235,26,13,4,21,5.2 ,60,,,,,,,,,,,,
DUCK ROASTED FLESH ONLY            ,0.5,ITM,445,0,25,52,197,9.2 ,221,,,,,,,,,,,,
EGGNOG                             ,1,CUP,340,34,19,10,149,11.3 ,254,,,,,,,,,,,,
EGGPLANT COOKED STEAMED            ,1,CUP,25,6,0,1,0,0 ,96,,,,,,,,,,,,
ENCHILADA                          ,1,ENCHLD,235,24,16,20,19,7.7 ,230,,,,,,,,,,,,
ENDIVE CURLY RAW                   ,1,CUP,10,2,0,1,0,0 ,50,,,,,,,,,,,,
ENGLISH MUFFIN EGG CHEESE BACON    ,1,ITM,360,31,18,18,213,8 ,138,,,,,,,,,,,,
EVAPORATED MILK SKIM CANNED        ,1,CUP,200,29,1,19,9,0.3 ,255,,,,,,,,,,,,
EVAPORATED MILK WHOLE CANNED       ,1,CUP,340,25,19,17,74,11.6 ,252,,,,,,,,,,,,
FIG BARS                           ,4,COOKIE,210,42,4,2,27,1 ,56,,,,,,,,,,,,
FIGS DRIED                         ,10,FIGS,475,122,2,6,0,0.4 ,187,,,,,,,,,,,,
FILBERTS (HAZELNUTS) CHOPPED       ,1,OZ,180,4,18,4,0,1.3 ,28.35,,,,,,,,,,,,
FLOUR WHOLE-WHEAT                  ,1,CUP,400,85,2,16,0,0.3 ,120,,,,,,,,,,,,
FONDANT UNCOATED                   ,1,OZ,105,27,0,0,0,0 ,28.35,,,,,,,,,,,,
FRANKFURTER COOKED                 ,1,FRANK,145,1,13,5,23,4.8 ,45,,,,,,,,,,,,
FRENCH SALAD DRESSING REGULAR      ,1,TBSP,85,1,9,0,0,1.4 ,16,,,,,,,,,,,,
FRUIT COCKTAIL CNND JUICE PACK     ,1,CUP,115,29,0,1,0,0 ,248,,,,,,,,,,,,
FUDGE CHOCOLATE PLAIN              ,1,OZ,115,21,3,1,1,2.1 ,28.35,,,,,,,,,,,,
GARLIC POWDER                      ,1,TSP,10,2,0,0,0,0 ,2.8,,,,,,,,,,,,
GELATIN DRY                        ,1,ENVELP,25,0,0,6,0,0 ,7,,,,,,,,,,,,
GELATIN DESSERT                    ,0.5,CUP,70,17,0,2,0,0 ,120,,,,,,,,,,,,
# SPIRITS
GIN RUM VODKA WHISKY 80-PROOF      ,1.5,FLOZ,95,0,0,0,0,0 ,42,,,,,,,,,,,,
GIN RUM VODKA WHISKY 86-PROOF      ,1.5,FLOZ,105,0,0,0,0,0 ,42,,,,,,,,,,,,
GIN RUM VODKA WHISKY 90-PROOF      ,1.5,FLOZ,110,0,0,0,0,0 ,42,,,,,,,,,,,,
#
GINGER ALE                         ,12,FLOZ,125,32,0,0,0,0 ,366,,,,,,,,,,,,
GRAPE SODA                         ,12,FLOZ,180,46,0,0,0,0 ,372,,,,,,,,,,,,
GRAPEFRUIT CANNED SYRUP PACK       ,1,CUP,150,39,0,1,0,0 ,254,,,,,,,,,,,,
GRAPEFRUIT RAW PINK                ,0.5,FRUT,40,10,0,1,0,0 ,120,,,,,,,,,,,,
GRAPEFRUIT RAW WHITE               ,0.5,FRUT,40,10,0,1,0,0 ,120,,,,,,,,,,,,
GRAPEJCE FRZN DILUTD SWTND W/C     ,1,CUP,125,32,0,0,0,0.1 ,250,,,,,,,,,,,,
GRAPES EUROPEAN RAW THOMPSN        ,10,GRAPE,35,9,0,0,0,0.1 ,50,,,,,,,,,,,,
GRAPES EUROPEAN RAW TOKAY          ,10,GRAPE,40,10,0,0,0,0.1 ,57,,,,,,,,,,,,
GRAVY AND TURKEY FROZEN            ,5,OZ,95,7,4,8,26,1.2 ,142,,,,,,,,,,,,
GREAT NORTHN BEANS DRY CKD DRN     ,1,CUP,210,38,1,14,0,0.1 ,180,,,,,,,,,,,,
GROUND BEEF BROILED LEAN           ,3,OZ,230,0,16,21,74,6.2 ,85,,,,,,,,,,,,
GROUND BEEF BROILED REGULAR        ,3,OZ,245,0,18,20,76,6.9 ,85,,,,,,,,,,,,
GUM DROPS                          ,1,OZ,100,25,0,0,0,0 ,28.35,,,,,,,,,,,,
HAMBURGER PATTY                    ,4,OZ,445,38,21,25,71,7.1 ,174,,,,,,,,,,,,
HAMBURGER REGULAR                  ,1,ITM,245,28,11,12,32,4.4 ,98,,,,,,,,,,,,
HARD CANDY                         ,1,OZ,110,28,0,0,0,0 ,28.35,,,,,,,,,,,,
HOLLANDAISE SCE W/ H2O FRM MX      ,1,CUP,240,14,20,5,52,11.6 ,259,,,,,,,,,,,,
HONEY                              ,1,TBSP,65,17,0,0,0,0 ,21,,,,,,,,,,,,
ICE CREAM VANLLA                   ,3,FLOZ,100,12,5,2,22,3.4 ,50,,,,,,,,,,,,
IMITATION CREAMERS POWDERED        ,1,TSP,10,1,1,0,0,0.7 ,2,,,,,,,,,,,,
ITALIAN SALAD DRESSING REGULAR     ,1,TBSP,80,1,9,0,0,1.3 ,15,,,,,,,,,,,,
# JAMS
JAM Blackcurrent dalfour           ,           ,1,TBSP,40,10,0,0,0,0,19,,,,,,,,,,,,
JAMS AND PRESERVES                 ,1,TBSP,55,14,0,0,0,0 ,2,,,,,,,,,,,0,
#
JELLIES                            ,1,TBSP,50,13,0,0,0,0 ,18,,,,,,,,,,,,
JELLIES                            ,1,PKT,40,10,0,0,0,0 ,14,,,,,,,,,,,,
JELLY BEANS                        ,1,OZ,105,26,0,0,0,0 ,28.35,,,,,,,,,,,,
KOHLRABI COOKED                    ,1,CUP,50,11,0,3,0,0 ,165,,,,,,,,,,,,
LARD                               ,1,TBSP,115,0,13,0,12,5.1 ,13,,,,,,,,,,,,

LEMONADE CONCEN FRZEN DILUTED      ,6,FLOZ,80,21,0,0,0,0 ,185,,,,,,,,,,,,
LEMONADE CONCENTRATE FRZ UNDIL     ,6,FLOZ,425,112,0,0,0,0 ,219,,,,,,,,,,,,
# LEGUMES
LIMA BEANS DRY COOKED        <LEGUMES>,1,CUP,260,49,1,16,0,0.2 ,190,,,,,,,,,,,,
LIMA BEANS BABY FRZN CKED DRN      <LEGUMES>,1,CUP,190,35,1,12,0,0.1 ,180,,,,,,,,,,,,
LIMA BEANS THICK SEED FRZN CKD     <LEGUMES>,1,CUP,170,32,1,10,0,0.1 ,170,,,,,,,,,,,,
BEANS BLACK DRY COOKED             <LEGUMES>,1,CUP,225,41,1,15,0,0.1 ,171,,,,,,,,,,,,
BEANS DRY CANNED W/FRANKFURTER     <LEGUMES>,1,CUP,365,32,18,19,30,7.4 ,255,,,,,,,,,,,,
BEANS DRY CANNED W/PORK+SWTSCE     <LEGUMES>,1,CUP,385,54,12,16,10,4.3 ,255,,,,,,,,,,,,
BEANS DRY CANNED W/PORK+TOMSCE     <LEGUMES>,1,CUP,310,48,7,16,10,2.4 ,255,,,,,,,,,,,,
BEANS GREEN                        <LEGUMES>,1,CUP,44,10,0.4,2.4,0,0.0 ,171,,,,,,,,,,,,
LENTILS DRY COOKED                 <LEGUMES>,1,CUP,215,38,1,16,0,0.1 ,200,,,,,,,,,,,,
#
LIMEADE       ,6,FLOZ,75,20,0,0,0,0 ,185,,,,,,,,,,,,
MACARONI COOKED FIRM               ,1,CUP,190,39,1,7,0,0.1 ,130,,,,,,,,,,,,
MACARONI COOKED TENDER HOT         ,1,CUP,155,32,1,5,0,0.1 ,140,,,,,,,,,,,,
MACARONI COOKED TENDER COLD        ,1,CUP,115,24,0,4,0,0.1 ,105,,,,,,,,,,,,
MACARONI AND CHEESE CANNED         ,1,CUP,230,26,10,9,24,4.7 ,240,,,,,,,,,,,,
MALT-O-MEAL WITH SALT              ,1,CUP,120,26,0,4,0,0 ,240,,,,,,,,,,,,
MALTED MILK CHOCOLATE POWDER       ,0.75,OZ,85,18,1,1,1,0.5 ,21,,,,,,,,,,,,
MAPLE SYRUP                        ,2,TBSP,122,32,0,0,0,0 ,42,,,,,,,,,,,,
MARGARINE IMITATION 40% FAT        ,1,TBSP,50,0,5,0,0,1.1 ,14,,,,,,,,,,,,
MARGARINE REGULR HARD 80% FAT      ,1,TBSP,100,0,11,0,0,2.2 ,14,,,,,,,,,,,,
MARGARINE REGULR HARD 80% FAT      ,1,PAT,35,0,4,0,0,0.8 ,5,,,,,,,,,,,,
MARGARINE REGULR SOFT 80% FAT      ,1,TBSP,100,0,11,0,0,1.9 ,14,,,,,,,,,,,,
MARGARINE SPREAD SOFT 60% FAT      ,8,OZ,1225,0,138,1,0,29.1 ,227,,,,,,,,,,,,
MARSHMALLOWS                       ,1,OZ,90,23,0,1,0,0 ,28.35,,,,,,,,,,,,
MAYONNAISE REGULAR                 ,1,TBSP,100,0,11,0,8,1.7 ,14,,,,,,,,,,,,
MAYONNAISE TYPE SALAD DRESSING     ,1,TBSP,60,4,5,0,4,0.7 ,15,,,,,,,,,,,,
MELBA TOAST PLAIN                  ,1,PIECE,20,4,0,1,0,0.1 ,5,,,,,,,,,,,,
MELON HONEYDEW                     ,0.1,MEL,45,12,0,1,0,0 ,129,,,,,,,,,,,,
MILK LOWFAT 2%                     ,1,CUP,125,12,5,9,18,2.9 ,245,,,,,,,,,,,,
MILK SKIM                          ,1,CUP,85,12,0,8,4,0.3 ,245,,,,,,,,,,,,
MILK WHOLE                         ,1,CUP,146,12.8,7.9,7.9,24.4,4.6,244,34.9,5,0,7,26,1,9,4,3,18,1,1,28,0,4,10,7 ,
MIXED GRAIN BREAD                  ,1,SLICE,65,12,1,2,0,0.2 ,25,,,,,,,,,,,,
MIXED GRAIN BREAD TOASTED          ,1,SLICE,65,12,1,2,0,0.2 ,23,,,,,,,,,,,,
MOLASSES CANE BLACKSTRAP           ,2,TBSP,85,22,0,0,0,0 ,40,,,,,,,,,,,,
MOZZARELLA CHESE SKIM LOMOIST      ,1,OZ,80,1,5,8,15,3.1 ,28.35,,,,,,,,,,,,
MUFFIN ENGLISH LIGHT               ,1,ITM,100,25,1,5,0,0,57,,,,,,,,,,,,
MUFFIN ENGLISH PLAIN               ,1,ITM,140,27,1,5,0,0.3 ,57,,,,,,,,,,,,
MUFFIN BLUEBERRY                   ,1,ITEM,140,22,5,3,45,1.4 ,45,,,,,,,,,,,,
MUSHROOM GRAVY                     ,1,CUP,120,13,6,3,0,1 ,238,,,,,,,,,,,,
MUSHROOMS WHITE                    ,1,CUP,15.4,2.3,0.2,2.2,0.0,0.0,70,12.1,0,2,4,17,13,10,4,3,0,0,0,0,2,0,6,2 ,
MUSTARD PREPARED YELLOW            ,1,TSP,5,0,0,0,0,0 ,5,,,,,,,,,,,,
MUSTARD GREENS COOKED DRANED       ,1,CUP,20,3,0,3,0,0 ,140,,,,,,,,,,,,
NECTARINES RAW                     ,1,ITM,65,16,1,1,0,0.1 ,136,,,,,,,,,,,,
NONFAT DRY MILK INSTANTIZED        ,1,CUP,245,35,0,24,12,0.3 ,68,,,,,,,,,,,,
NOODLES CHOW MEIN CANNED           ,1,CUP,220,26,11,6,5,2.1 ,45,,,,,,,,,,,,
NOODLES EGG COOKED                 ,1,CUP,200,37,2,7,50,0.5 ,160,,,,,,,,,,,,
OATMEAL CKD INSTNT PLAIN FORTF     ,1,PKT,105,18,2,4,0,0.3 ,177,,,,,,,,,,,,
OATMEAL REGULAR                    ,1,CUP,145,25,2,6,0,0.4 ,234,,,,,,,,,,,,
OATMEAL W/ RAISINS COOKIES         ,4,ITM,245,36,10,3,2,2.5 ,52,,,,,,,,,,,,
OCEAN PERCH BREADED FRIED          ,1,ITM,185,7,11,16,66,2.6 ,85,,,,,,,,,,,,
OKRA PODS COOKED                   ,8,ITM,25,6,0,2,0,0 ,85,,,,,,,,,,,,
OLIVE OIL                          ,1,TBSP,125,0,14,0,0,1.9 ,14,,,,,,,,,,,,
OLIVES CANNED GREEN                ,4,MEDIUM,15,0,2,0,0,0.2 ,13,,,,,,,,,,,,
OLIVES CANNED RIPE                 ,3,SMALL,15,0,2,0,0,0.3 ,9,,,,,,,,,,,,
ONION POWDER                       ,1,TSP,5,2,0,0,0,0 ,2.1,,,,,,,,,,,,
ONION RINGS BREADED                ,2,RINGS,80,8,5,1,0,1.7 ,20,,,,,,,,,,,,
ORANGE SODA                        ,12,FLOZ,180,46,0,0,0,0 ,372,,,,,,,,,,,,
OREGANO                            ,1,TSP,5,1,0,0,0,0 ,1.5,,,,,,,,,,,,
OYSTERS BREADED FRIED              ,1,ITM,90,5,5,5,35,1.4 ,45,,,,,,,,,,,,
OYSTERS RAW                        ,1,CUP,160,8,4,20,120,1.4 ,240,,,,,,,,,,,,
PANCAKES BUCKWHEAT FROM MIX        ,1,ITM,55,6,2,2,20,0.9 ,27,,,,,,,,,,,,
PANCAKES PLAIN                     ,1,ITM,60,8,2,2,16,0.5 ,27,,,,,,,,,,,,
PAPAYAS RAW                        ,1,CUP,65,17,0,1,0,0.1 ,140,,,,,,,,,,,,
PAPRIKA                            ,1,TSP,5,1,0,0,0,0 ,2.1,,,,,,,,,,,,
PASTRY CAKE FLOUR                  ,1,CUP,350,76,1,7,0,0.1 ,96,,,,,,,,,,,,
PEACHES CANNED SYRUP               ,1,CUP,190,51,0,1,0,0 ,256,,,,,,,,,,,,
PEACHES CANNED JUICE PACK          ,1,CUP,110,29,0,2,0,0 ,248,,,,,,,,,,,,
PEACHES DRIED                      ,1,CUP,380,98,1,6,0,0.1 ,160,,,,,,,,,,,,
PEACHES DRIED COOKED UNSWETND      ,1,CUP,200,51,1,3,0,0.1 ,258,,,,,,,,,,,,
PEACHES FROZEN                     ,10,OZ,265,68,0,2,0,0 ,284,,,,,,,,,,,,
PEACHES RAW                        ,1,PEACH,35,10,0,1,0,0 ,87,,,,,,,,,,,,
PEACHES RAW SLICED                 ,1,CUP,75,19,0,1,0,0 ,170,,,,,,,,,,,,
PEANUT BUTTER                      ,1,TBSP,95,3,8,5,0,1.4 ,16,,,,,,,,,,,,
PEANUT BUTTER COOKIE               ,4,ITM,245,28,14,4,22,4 ,48,,,,,,,,,,,,
PEANUT OIL                         ,1,CUP,1910,0,216,0,0,36.5 ,216,,,,,,,,,,,,
PEANUT OIL                         ,1,TBSP,125,0,14,0,0,2.4 ,14,,,,,,,,,,,,
PEANUTS OIL ROASTED SALTED         ,1,CUP,840,27,71,39,0,9.9 ,145,,,,,,,,,,,,
PEANUTS OIL ROASTED SALTED         ,1,OZ,165,5,14,8,0,1.9 ,28.35,,,,,,,,,,,,
PEANUTS OIL ROASTED UNSALTED       ,1,CUP,840,27,71,39,0,9.9 ,145,,,,,,,,,,,,
PEANUTS OIL ROASTED UNSALTED       ,1,OZ,165,5,14,8,0,1.9 ,28.35,,,,,,,,,,,,
PEAS DRY COOKED                    ,1,CUP,225,40,1,15,0,0.1 ,190,,,,,,,,,,,,
PEAS EDIBLE POD COOKED DRNED       ,1,CUP,65,11,0,5,0,0.1 ,160,,,,,,,,,,,,
PEAS GREEN CNND DRND W/ SALT       ,1,CUP,115,21,1,8,0,0.1 ,170,,,,,,,,,,,,
PEAS GREEN CNND DRND W/O SALT      ,1,CUP,115,21,1,8,0,0.1 ,170,,,,,,,,,,,,
PEAS SPLIT DRY COOKED              ,1,CUP,230,42,1,16,0,0.1 ,200,,,,,,,,,,,,
PEAS GRN FROZEN COOKED DRANED      ,1,CUP,125,23,0,8,0,0.1 ,160,,,,,,,,,,,,
PEPPER BLACK                       ,1,TSP,5,1,0,0,0,0 ,2.1,,,,,,,,,,,,
PEPPER-TYPE SODA                   ,12,FLOZ,160,41,0,0,0,0 ,369,,,,,,,,,,,,
PEPPERS HOT CHILI RAW GREEN        ,1,PEPPER,20,4,0,1,0,0 ,45,,,,,,,,,,,,
PEPPERS HOT CHILI RAW RED          ,1,PEPPER,20,4,0,1,0,0 ,45,,,,,,,,,,,,
PEPPERS SWEET RAW GREEN            ,1,PEPPER,20,4,0,1,0,0 ,74,,,,,,,,,,,,
PEPPERS SWEET RAW RED              ,1,PEPPER,20,4,0,1,0,0 ,74,,,,,,,,,,,,
PICKLES CUCUMBER DILL              ,1,PICKLE,5,1,0,0,0,0 ,65,,,,,,,,,,,,
PICKLES CUCUMBER FRESH PACK        ,2,SLICES,10,3,0,0,0,0 ,15,,,,,,,,,,,,
PICKLES CUCUMBER SWT GHERKIN       ,1,PICKLE,20,5,0,0,0,0 ,15,,,,,,,,,,,,
PIECRUST                           ,2,CRUST,1485,141,93,20,0,22.7 ,320,,,,,,,,,,,,
PINE NUTS                          ,1,OZ,160,5,17,3,0,2.7 ,28.35,,,,,,,,,,,,
PINEAPPLE-GRAPEFRUIT JUICEDRNK     ,6,FLOZ,90,23,0,0,0,0 ,187,,,,,,,,,,,,
PINTO BEANS DRY COOKED             ,1,CUP,265,49,1,15,0,0.1 ,180,,,,,,,,,,,,
PIZZA CHEESE                       ,1,SLICE,290,39,9,15,56,4.1 ,120,,,,,,,,,,,,
PLANTAINS COOKED                   ,1,CUP,180,48,0,1,0,0.1 ,154,,,,,,,,,,,,
PLANTAINS RAW                      ,1,PLANTN,220,57,1,2,0,0.3 ,179,,,,,,,,,,,,
POPCORN AIR-POPPED                 ,1,CUP,30,6,0,1,0,0 ,8,,,,,,,,,,,,
POPCORN POPPED VEG O               ,1,CUP,55,6,3,1,0,0.5 ,11,,,,,,,,,,,,
POPSICLE                           ,1,ITM,70,18,0,0,0,0 ,95,,,,,,,,,,,,
PORRIDGE OATS                      ,1,PKT,100,18,2,4,0,0.0 ,28,,20,,20,20,20,,20,20,,,,10,45,,,0,
POTATO CHIPS                       ,10,CHIPS,105,10,7,1,0,1.8 ,20,,,,,,,,,,,,
POTPIE BEEF                        ,1,PIECE,515,39,30,21,42,7.9 ,2,,,,,,,,,,,10,
POTPIE CHICKEN                     ,1,PIECE,545,42,31,23,56,10.3 ,232,,,,,,,,,,,,
PRETZELS STICK                     ,10,ITM,10,2,0,0,0,0 ,3,,,,,,,,,,,,
PRETZELS TWISTED DUTCH             ,1,ITM,65,13,1,2,0,0.1 ,16,,,,,,,,,,,,
PRETZELS TWISTED THIN              ,10,ITM,240,48,2,6,0,0.4 ,60,,,,,,,,,,,,
PRUNES DRIED                       ,5,LARGE,115,31,0,1,0,0 ,49,,,,,,,,,,,,
PRUNES DRIED COOKED UNSWTNED       ,1,CUP,225,60,0,2,0,0 ,212,,,,,,,,,,,,
# PUDDINGS
PUDDING CHOCOLATE                  ,0.5,CUP,150,25,4,4,15,2.4 ,13,,,,,,,,,,,0,
PUDDING TAPIOCA                    ,5,OZ,160,28,5,3,0,4.8 ,142,,,,,,,,,,,,
PUDDING VANILLA                    ,5,OZ,220,33,10,2,1,9.5 ,142,,,,,,,,,,,,
#
PUMPERNICKEL BREAD                 ,1,SLICE,80,16,1,3,0,0.2 ,32,,,,,,,,,,,,
PUMPKIN RAW                        ,1,CUP,50,12,0,2,0,0.1 ,245,,,,,,,,,,,,
PUMPKIN CANNED                     ,1,CUP,85,20,1,3,0,0.4 ,245,,,,,,,,,,,,
PUMPKIN AND SQUASH KERNELS         ,1,OZ,155,5,13,7,0,2.5 ,28.35,,,,,,,,,,,,
QUICHE LORRAINE                    ,1,SLICE,600,29,48,13,285,23.2 ,176,,,,,,,,,,,,
RADISHES RAW                       ,4,RADISH,5,1,0,0,0,0 ,18,,,,,,,,,,,,
RAISIN BRAN KELLOGGS               ,1,OZ,90,21,1,3,0,0.1 ,28.35,,,,,,,,,,,,
RAISIN BRAN POST                   ,1,OZ,85,21,1,3,0,0.1 ,28.35,,,,,,,,,,,,
RAISINS                            ,1,CUP,435,115,1,5,0,0.2 ,145,,,,,,,,,,,,
RAISINS                            ,1,PACKET,40,11,0,0,0,0 ,14,,,,,,,,,,,,
RASPBERRIES FROZEN SWEETENED       ,1,CUP,255,65,0,2,0,0 ,250,,,,,,,,,,,,
RASPBERRIES RAW                    ,1,CUP,60,14,1,1,0,0 ,123,,,,,,,,,,,,
#
RED KIDNEY BEANS DRY CANNED        ,1,CUP,230,42,1,15,0,0.1 ,255,,,,,,,,,,,,
REFRIED BEANS CANNED               ,1,CUP,295,51,3,18,0,0.4 ,290,,,,,,,,,,,,
RELISH SWEET                       ,1,TBSP,20,5,0,0,0,0 ,15,,,,,,,,,,,,
RHUBARB COOKED ADDED SUGAR         ,1,CUP,280,75,0,1,0,0 ,240,,,,,,,,,,,,
# RICE
RICE BROWN COOKED                  ,1,CUP,230,50,1,5,0,0.3 ,195,,,,,,,,,,,,
RICE WHITE COOKED                  ,1,CUP,225,50,0,4,0,0.1 ,205,,,,,,,,,,,,
RICE WHITE RAW                     ,1,CUP,670,149,1,12,0,0.2 ,185,,,,,,,,,,,,
#
RICOTTA CHEESE PART SKIM MILK      ,1,CUP,340,13,19,28,76,12.1 ,246,,,,,,,,,,,,
RICOTTA CHEESE WHOLE MILK          ,1,CUP,430,7,32,28,124,20.4 ,246,,,,,,,,,,,,
ROAST BEEF SANDWICH                ,1,ITM,345,34,13,22,55,3.5 ,150,,,,,,,,,,,,
ROLLS DINNER                       ,1,ROLL,85,14,2,2,0,0.5 ,28,,,,,,,,,,,,
ROLLS FRANKFURTER + HAMBURGER      ,1,ROLL,115,20,2,3,0,0.5 ,40,,,,,,,,,,,,
ROLLS HARD                         ,1,ROLL,155,30,2,5,0,0.4 ,50,,,,,,,,,,,,
ROLLS HOAGIE OR SUBMARINE          ,1,ROLL,400,72,8,11,0,1.8 ,135,,,,,,,,,,,,
ROOT BEER                          ,12,FLOZ,165,42,0,0,0,0 ,370,,,,,,,,,,,,
RYE BREAD LIGHT                    ,1,SLICE,65,12,1,2,0,0.2 ,25,,,,,,,,,,,,
RYE WAFERS WHOLE-GRAIN             ,2,WAFERS,55,10,1,1,0,0.3 ,14,,,,,,,,,,,,
SAFFLOWER OIL                      ,1,TBSP,125,0,14,0,0,1.3 ,14,,,,,,,,,,,,
SALAD CAFE-BOWL                    ,1,ITM,280,1,6,4,0,4 ,80,,,,,,,,,,,,
SALAD DRESSING 1000 ISLAND         ,1,TBSP,60,2,6,0,4,1 ,16,,,,,,,,,,,,
SALAMI COOKED TYPE                 ,2,SLICES,145,1,11,8,37,4.6 ,57,,,,,,,,,,,,
SALAMI DRY TYPE                    ,2,SLICES,85,1,7,5,16,2.4 ,20,,,,,,,,,,,,
SALT                               ,1,TSP,0,0,0,0,0,0 ,5.5,,,,,,,,,,,,
SALTINES                           ,4,CRACKR,50,9,1,1,4,0.5 ,12,,,,,,,,,,,,
SANDWICH SPREAD PORK BEEF          ,1,TBSP,35,2,3,1,6,0.9 ,15,,,,,,,,,,,,
SANDWICH TYPE COOKIE               ,4,ITM,195,29,8,2,0,2 ,40,,,,,,,,,,,,
SARDINES CANNED OIL                ,3,OZ,175,0,9,20,85,2.1 ,85,,,,,,,,,,,,
SAUERKRAUT CANNED                  ,1,CUP,45,10,0,2,0,0.1 ,236,,,,,,,,,,,,
# SAUSAGES
SAUSAGE TURKEY                     <MEAT>,2,oz,129,0.9,10.1,8.6,89.6,2.1,56,19.0,0,0,2,5,10,0,6,1,7,1,1,2,3,14,4,11 ,
SAUSAGE PORK                       <MEAT>,1,LINK,65,1,5,17,4.5,1.7 ,13,,,,,,,,,,,,
SAUSAGE CHICKEN ANDOUILLE <MEAT>,1,LINK,120,1,7,13,75,1.5,85,,4,,,,,,,,,,1,2,6,14,0,0,
#
SCALLOPS BREADED                   ,6,SCALOP,195,10,10,15,70,2.5 ,90,,,,,,,,,,,,
SEAWEED KELP RAW                   ,1,OZ,10,3,0,0,0,0.1 ,28.35,,,,,,,,,,,,
SEAWEED SPIRULINA DRIED            ,1,OZ,80,7,2,16,0,0.8 ,28.35,,,,,,,,,,,,
SELF-RISING FLOUR                  ,1,CUP,440,93,1,12,0,0.2 ,125,,,,,,,,,,,,
SEMISWEET CHOCOLATE                ,1,CUP,860,97,61,7,0,36.2 ,170,,,,,,,,,,,,
SESAME SEEDS                       ,1,TBSP,45,1,4,2,0,0.6 ,8,,,,,,,,,,,,
# SHAKES
CHOCOLATE              <SHAKE>,10,OZ,335,60,8,9,30,4.8 ,283,,,,,,,,,,,,
ENSURE NUTRITION       <SHAKE>,8,OZ,220,33,6,9,5,1 ,220,,,,,,,,,,,,
PROTEIN HIGH ENSURE    <SHAKE>,8,OZ,160,19,2,16,20,0.5 ,220,,,,,,,,,,,,
VANILLA                <SHAKE>,10,OZ,315,50,9,11,33,5.3 ,283,,,,,,,,,,,,
PROTEIN ORGANIC              <SHAKE>,1,SCOOP,130,5,2.5,22,0,0,33,0,4,2,9,0,0,0,0,0,0,0,15,15,10,20,9,1,20,
#
SHORTBREAD COOKIE                  ,4,ITM,155,20,8,2,27,2.9 ,32,,,,,,,,,,,,
SHRIMP CANNED                      ,3,OZ,100,1,1,21,128,0.2 ,85,,,,,,,,,,,,
SHRIMP FRENCH FRIED                ,3,OZ,200,11,10,16,168,2.5 ,85,,,,,,,,,,,,
SNACK CAKES DEVILS FOOD            ,1,ITM,105,17,4,1,15,1.7 ,28,,,,,,,,,,,,
SNACK CAKES SPONGE CREME           ,1,ITM,155,27,5,1,7,2.3 ,42,,,,,,,,,,,,
SNACK TYPE CRACKERS                ,1,CRACKR,15,2,1,0,0,0.2 ,3,,,,,,,,,,,,
SNAP BEAN CNND DRND GREEN SALT     ,1,CUP,25,6,0,2,0,0 ,135,,,,,,,,,,,,
SNAP BEAN CNND DRND GRN NOSALT     ,1,CUP,25,6,0,2,0,0 ,135,,,,,,,,,,,,
SNAP BEAN CNND DRND YLLW SALT      ,1,CUP,25,6,0,2,0,0 ,135,,,,,,,,,,,,
SNAP BEAN CNND DRND YLLW NOSAL     ,1,CUP,25,6,0,2,0,0 ,135,,,,,,,,,,,,
SNAP BEAN FRZ CKD DRND GREEN       ,1,CUP,35,8,0,2,0,0 ,135,,,,,,,,,,,,
SNAP BEAN FRZ CKD DRND YELLOW      ,1,CUP,35,8,0,2,0,0 ,135,,,,,,,,,,,,
SNAP BEAN RAW CKD DRND GREEN       ,1,CUP,45,10,0,2,0,0.1 ,125,,,,,,,,,,,,
SNAP BEAN RAW CKD DRND YELLOW      ,1,CUP,45,10,0,2,0,0.1 ,125,,,,,,,,,,,,
SOUR CREAM                         ,1,TBSP,25,1,3,0,5,1.6 ,12,,,,,,,,,,,,
SOY SAUCE                          ,1,TBSP,10,2,0,2,0,0 ,18,,,,,,,,,,,,
SOYBEAN OIL HYDROGENATED           ,1,CUP,1925,0,218,0,0,32.5 ,218,,,,,,,,,,,,
SOYBEAN OIL HYDROGENATED           ,1,TBSP,125,0,14,0,0,2.1 ,14,,,,,,,,,,,,
SOYBEAN-COTTONSEED OIL HYDRGN      ,1,CUP,1925,0,218,0,0,39.2 ,218,,,,,,,,,,,,
SOYBEAN-COTTONSEED OIL HYDRGN      ,1,TBSP,125,0,14,0,0,2.5 ,14,,,,,,,,,,,,
SOYBEANS DRY COOKED                ,1,CUP,235,19,10,20,0,1.3 ,180,,,,,,,,,,,,
SPAGHETTI                          ,1,CUP,155,32,1,5,0,0.1 ,140,,,,,,,,,,,,
SPAGHETTI CHEESE TOMATO            ,1,CUP,190,39,2,6,3,0.4 ,250,,,,,,,,,,,,
SPAGHETTI MEATBALLS TOMSAC CND     ,1,CUP,260,29,10,12,23,2.4 ,250,,,,,,,,,,,,
SPINACH SOUFFLE                    ,1,CUP,220,3,18,11,184,7.1 ,136,,,,,,,,,,,,
SPRING ROLL                        ,1,ITM,58,7,2.6,1.7,0,0 ,28,,,,,,,,,,,,
STRAWBERRIES RAW                   ,1,CUP,45,10,1,1,0,0 ,149,,,,,,,,,,,,
# SUGARS
SUGAR BROWN                        ,1,CUP,820,212,0,0,0,0 ,220,,,,,,,,,,,,
SUGAR POWDERED                     ,1,CUP,385,100,0,0,0,0 ,100,,,,,,,,,,,,
SUGAR WHITE                        ,1,CUP,770,199,0,0,0,0 ,200,,,,,,,,,,,,
SUGAR WHITE                        ,1,TBSP,45,12,0,0,0,0 ,12,,,,,,,,,,,,
#
SUGAR COOKIE                       ,4,ITM,235,31,12,2,29,2.3 ,48,,,,,,,,,,,,
SUGAR FROSTED FLAKES KELLOGG       ,1,OZ,110,26,0,1,0,0 ,28.35,,,,,,,,,,,,
SUNFLOWER OIL                      ,1,CUP,1925,0,218,0,0,22.5 ,218,,,,,,,,,,,,
SUNFLOWER OIL                      ,1,TBSP,125,0,14,0,0,1.4 ,14,,,,,,,,,,,,
SUNFLOWER SEEDS                    ,1,OZ,160,5,14,6,0,1.5 ,28.35,,,,,,,,,,,,
SWEETENED CONDENSED MILK CNND      ,1,CUP,980,166,27,24,104,16.8 ,306,,,,,,,,,,,,
SWISS CHEESE                       ,1,OZ,105,1,8,8,26,5 ,28.35,,,,,,,,,,,,
TACO                               ,1,TACO,195,15,11,9,21,4.1 ,81,,,,,,,,,,,,
TAHINI                             ,1,TBSP,90,3,8,3,0,1.1 ,15,,,,,,,,,,,,
TANGERINES CANNED                  ,1,CUP,155,41,0,1,0,0 ,252,,,,,,,,,,,,
TANGERINES RAW                     ,1,ITM,35,9,0,1,0,0 ,84,,,,,,,,,,,,
TARTAR SAUCE                       ,1,TBSP,75,1,8,0,4,1.2 ,14,,,,,,,,,,,,
TEA BREWED                         ,8,FLOZ,0,0,0,0,0,0 ,240,,,,,,,,,,,,
TEA INSTANT PREPRD UNSWEETEND      ,8,FLOZ,0,1,0,0,0,0 ,241,,,,,,,,,,,,
TOASTER PASTRIES                   ,1,PASTRY,210,38,6,2,0,1.7 ,54,,,,,,,,,,,,
TOFU                               ,1,PIECE,85,3,5,9,0,0.7 ,120,,,,,,,,,,,,
TOMATO PASTE CANNED WITH SALT      ,1,CUP,220,49,2,10,0,0.3 ,262,,,,,,,,,,,,
TOMATO PUREE CANNED WITH SALT      ,1,CUP,105,25,0,4,0,0 ,250,,,,,,,,,,,,
TOMATO SAUCE CANNED WITH SALT      ,1,CUP,75,18,0,3,0,0.1 ,245,,,,,,,,,,,,
TORTILLAS CORN                     ,1,TORTLA,65,13,1,2,0,0.1 ,30,,,,,,,,,,,,
TURKEY ROASTED                     ,1,CUP,240,0,7,41,106,2.3 ,140,,,,,,,,,,,,
TURKEY ROASTED                     ,3,PIECES,145,0,4,25,65,1.4 ,85,,,,,,,,,,,,
TURKEY ROASTED DARK MEAT           ,4,PIECES,1,60,0,6,24,72,2.1 ,85,,,,,,,,,,,,
TURKEY ROASTED LIGHT MEAT          ,2,PIECES,135,0,3,25,5,9,0.9 ,85,,,,,,,,,,,,
TURKEY HAM CURED TURKEY THIGH      ,2,SLICES,75,0,3,11,32,1 ,57,,,,,,,,,,,,
TURKEY PATTIES BRD BATTD FRID      ,1,PATTY,180,10,12,9,40,3 ,64,,,,,,,,,,,,
VANILLA WAFERS                     ,10,COOKE,185,29,7,2,25,1.8 ,40,,,,,,,,,,,,
VEAL CUTLET                        ,3,OZ,185,0,9,23,86,4.1 ,85,,,,,,,,,,,,
VEGETABLE JUICE COCKTAIL           ,1,CUP,45,11,0,2,0,0 ,242,,,,,,,,,,,,
VEGETABLES MIXED                   ,1,CUP,75,15,0,4,0,0.1 ,163,,,,,,,,,,,,
VIENNA BREAD                       ,1,SLICE,70,13,1,2,0,0.2 ,25,,,,,,,,,,,,
VIENNA SAUSAGE                     ,1,LINK,45,0,4,2,8,1.5 ,16,,,,,,,,,,,,
VINEGAR CIDER                      ,1,TBSP,0,1,0,0,0,0 ,15,,,,,,,,,,,,
VINEGAR AND OIL SALAD DRESSING     ,1,TBSP,70,0,8,0,0,1.5 ,16,,,,,,,,,,,,
WAFFLES                            ,1,ITM,205,27,8,7,59,2.7 ,75,,,,,,,,,,,,
WATER CHESTNUTS CANNED             ,1,CUP,70,17,0,1,0,0 ,140,,,,,,,,,,,,
WATERMELON RAW DICED               ,1,CUP,50,11,1,1,0,0.1 ,160,,,,,,,,,,,,
WHEAT FLOUR                        ,1,CUP,420,88,1,12,0,0.2 ,115,,,,,,,,,,,,
WHIPPED TOPPING PRESSURIZED        ,1,CUP,155,7,13,2,46,8.3 ,60,,,,,,,,,,,,
WHITE BREAD CRUMBS                 ,1,CUP,120,22,2,4,0,0.6 ,45,,,,,,,,,,,,
# SAUCES
WHITE SAUCE                        ,1,CUP,395,24,30,10,32,9.1,2,50,,,,,,,,,,,,
# MEALS
ORANGE CHICKEN               <MEAL>,1,MEAL,400,56,13,16,40,2.5,33,0.0,30.0,25.0,0.00,0.00,0.0,0.0,0.0,0.0,0.0,0.0,0,6,8,33,0,0,
BREAKFAST1 EGG SAUSAGE HASH  <MEAL>,1,MEAL,300.54,14.08,17.60,20.54,287.40,5.40,156.53,129.71,12.25,10.20,4.40,17.20,4.30,9.25,9.90,8.80,11.00,3.00,6.05,6.35,10.90,18.00,12.20,16.90,
#
# WINES
WINE DESSERT                       ,3.5,FLOZ,140,8,0,0,0,0 ,103,,,,,,,,,,,,
WINE TABLE RED                     ,3.5,FLOZ,75,3,0,0,0,0 ,102,,,,,,,,,,,,
WINE TABLE WHITE                   ,3.5,FLOZ,80,3,0,0,0,0 ,102,,,,,,,,,,,,
#
YEAST BREWERS                      ,1,TBSP,25,3,0,3,0,0 ,8,,,,,,,,,,,,
# YOGURTS
YOGURT  FRUIT                        ,8,OZ,230,43,2,10,10,1.6 ,227,,,,,,,,,,,,
YOGURT  LOWFAT                  ,8,OZ,145,16,4,12,14,2.3 ,227,,,,,,,,,,,,
YOGURT  WHOLE MILK                   ,8,OZ,140,11,7,8,29,4.8 ,227,,,,,,,,,,,,
KEFIR,1,ITM,140,20,2,11,10,1.5,,,10,,,,,,,,,,,30,,,8,
# 
MUSCLE MILK BANANA                 ,14,OZ,160,8,4,25,15,1,150,,,,,,,,,,,,
BURRITO CHICKEN                    ,1,ITM,1250,133,32,58,138,22,250,,,,,,,,,,,,
SHEPARDS PIE                       ,1,ITM,230,15,4,27,80,4,250,,,,,,,,,,,,
CEREAL BAR                         ,1,ITM,140,27,2,2,0,0.5,37,,,,,,,,,,,,
# SUPERFOODS
GREENSUPERFOOD                     ,1,TBSP,30,4,0,2,0,0,0,,25,57,,,,,,,,,88,5,8,1,5,2,
# PACKAGE MEALS
SWEET SOUR CHICKEN <MEAL>,1,ITM,390,74,4.5,13,25,1,255,,70,20,,,,,,,,,,8,10,
CHICKEN BLACK PEPPER SIGNATURE <MEAL>,1,ITMS,230,30,3.5,17,45,0.5,255,,4,2,,,,,,,,,,4,30,108.00,16.00,2.00,
NOODLE BOWL NONGSHIM   <SOUP>,10,FLOZ,380,56,7,8,0,0,90,0.00,0.00,0.00,0.00,0.00,0.00,0.00,0.00,0.00,0.00,0.00,0.00,0.00,6,37,6.00,,
KORMA CURRY NAVRATAN <MEAL>,1,ITMS,300,30,27,9,21,6,375,,,,,,,,,,,,,18,30,108.00,16.00,2.00,
KUNGPAO CHICKEN <MEAL>,1,ITM,460,75,10,15,0,1,241,,20,15,,,,,,,,,,6,10,
CHICKEN BURRITO BREAKFAST <MEAL>,1,ITM,290,35,11,14,30,3,142,,10,20,,,,,,,,,,10,15,26,
CHICKEN FETTUCCINI <MEAL>,1,ITM,290,43,6,16,30,2,262,,,,,,,,,,,,,15,0,
CHICKEN TIKKA <MEAL>,1,ITM,300,39,9,17,35,2,,,,,,,,,,,,,,6,10,,8,
THAI COCONUT CHICKEN <MEAL>,1,ITM,330,37,13,14,45,6,255,,8,10,,,,,,,,,,6,6,
CHICKEN ENCILADA SUIZA  <MEAL>,1,ITM,290,46,6,12,25,2.5,255,,8,10,,,,,,,,,,10,6,,,,
TOSTADA BEAN  <MEAL>,1,ITM,190,32,2.1,12,3,,,,6,10,,,,,6,,1.2,1.4,,11,,23,10,8.5,
BURGER VEGGIE,1,ITM,124,10,4.4,11,4,1,70,,,5,,,,,10,,,,,9,,16,6,
#
WINE DESSERT                       ,3.5,FLOZ,140,8,0,0,0,0 ,103,,,,,,,,,,,,